0,0,0,0
-0.643968403,9.758230209,-0.955334425,0
-1.290329576,10.13659477,0.445364118,0
-0.375972271,8.908478737,3.244069338,0
-0.689432025,9.09990406,2.32701993,0
-0.862014353,9.676874161,2.023131609,0
-0.862014353,9.676874161,2.023131609,0
-0.61764735,9.485447884,2.169093609,0
-0.73010999,9.569196701,1.915155411,0
-0.055034921,10.33041382,2.362912416,0
-0.055034921,10.33041382,2.362912416,0
1.079761267,9.533304214,1.738086581,0
0.102891371,9.971489906,1.833799481,0
0.102891371,9.971489906,1.833799481,0
0.071784683,9.466305733,2.68624258,0
0.148355007,9.688838005,2.64077878,0
0.272781789,9.566803932,2.367697954,0
0.200997099,9.495018959,2.417947292,0
0.200997099,9.495018959,2.417947292,0
0.244067907,9.719944954,2.475374937,0
0.244067907,9.719944954,2.475374937,0
0.110069841,9.734301567,2.283949137,0
0.057427742,9.624231339,2.216950178,0
0.088534437,9.62901783,2.090130568,0
0.423828721,9.573982239,2.252842426,0
0.423828721,9.573982239,2.252842426,0
0.550648332,9.842277527,1.819442511,0
0.244067907,9.559625626,2.185843468,0
0.244067907,9.559625626,2.185843468,0
-0.165104762,9.190832138,2.786741018,0
-0.081355967,9.559625626,2.02073884,0
0.275174618,10.10070229,1.994417667,0
-0.062213387,9.765408516,1.970489502,0
-0.062213387,9.765408516,1.970489502,0
0.136390895,9.973882675,1.431805253,0
0.136390895,9.973882675,1.431805253,0
0.038285162,9.200403214,2.798705101,0
0.37836507,10.41446114,1.383649707,0
0.122033954,9.353842735,1.821835399,0
-0.016749758,9.827920914,1.706979871,0
-0.016749758,9.827920914,1.706979871,0
0.10049855,9.825528145,1.738086581,0
0.023928227,9.585947037,1.795514345,0
0.023928227,9.585947037,1.795514345,0
0.038285162,9.703194618,2.032702923,0
0.011964113,9.760622978,1.829013824,0
0.069391854,9.758230209,2.169093609,0
0.069391854,9.758230209,2.169093609,0
0.078963146,9.827920914,2.08534503,0
-0.035892341,9.75583744,2.027917147,0
-0.035892341,9.75583744,2.027917147,0
0.043070808,10.134202,1.999203324,0
0.380757898,9.408877373,1.958226204,0
0.093320087,9.466305733,2.025524378,0
-0.431007177,9.717552185,2.300698996,0
-0.431007177,9.717552185,2.300698996,1
-0.972084224,9.703194618,2.650350094,1
-1.017547846,9.552447319,2.621636391,1
-1.017547846,9.552447319,2.621636391,1
-0.517148793,8.326724052,2.446661234,1
-1.094118118,8.886942863,3.797110319,1
-0.045463629,7.864609718,3.79471755,1
-0.098105729,8.613862038,5.010869503,1
-0.098105729,8.613862038,5.010869503,1
-0.579362154,15.30299854,2.688635349,1
-0.579362154,15.30299854,2.688635349,1
-0.562612414,11.72393322,-0.021535404,1
2.183450699,12.32004547,-0.581754982,1
0.88354975,8.187939644,-0.850050271,1
0.069391854,8.934800148,-0.498006225,1
0.069391854,8.934800148,-0.498006225,1
1.309472203,8.97308445,-0.141176537,1
1.309472203,8.97308445,-0.141176537,1
0.407078952,8.231010437,0.517148793,0
0.414257407,12.23629665,2.269592285,0
-0.754038215,8.168797493,1.244866014,0
0.205782741,10.57717323,0.667896628,0
0.205782741,10.57717323,0.667896628,0
0.016749758,9.760622978,1.381256819,0
0.028713871,9.588339806,1.7883358,0
0.028713871,9.588339806,1.7883358,0
-0.359222502,9.638588905,1.903191328,0
-0.299401939,9.734301567,1.809871197,0
-0.306580395,9.542876244,2.286342144,0
-0.196211457,10.26102161,2.264806747,0
-0.196211457,10.26102161,2.264806747,0
-0.105284199,9.322735786,2.48733902,0
0.059820566,9.657731056,2.039881229,0
0.059820566,9.657731056,2.039881229,0
-0.117248312,9.839884758,2.293520451,0
-0.450149775,9.530911446,2.729313374,1
-0.751645386,8.949156761,2.097309113,1
-0.751645386,8.949156761,2.097309113,1
-0.371186614,8.975478172,2.054238319,1
-0.610468864,9.092725754,2.619243383,1
-0.452542573,9.121439934,3.184248686,1
0.02632105,10.71595669,4.136891365,1
1.649552107,15.67897034,-0.145962179,1
1.649552107,15.67897034,-0.145962179,1
4.766502857,8.441578865,-1.223330617,1
4.766502857,8.441578865,-1.223330617,1
0.526720107,9.648159981,-0.706181765,1
0.323330164,9.384949684,-1.130010486,1
0.598504782,8.386544228,-0.612861693,1
0.598504782,8.386544228,-0.612861693,1
0.074177504,7.957930088,1.161117196,0
0.074177504,7.957930088,1.161117196,0
0.074177504,7.957930088,1.161117196,0
0.074177504,7.957930088,1.161117196,0
0.265603304,8.03928566,2.868097067,0
0.265603304,8.03928566,2.868097067,0
0.265603304,8.03928566,2.868097067,0
0.265603304,8.03928566,2.868097067,0
-0.447756946,9.289237022,1.695015788,0
-0.210568398,10.28016472,1.376471281,0
-0.205782741,10.2275219,1.546660781,0
-0.155533478,9.698409081,1.764407635,0
-0.21535404,8.903693199,1.915155411,0
-0.21535404,8.903693199,1.915155411,0
-0.21535404,8.903693199,1.915155411,0
0.442971289,9.837491989,1.252044439,0
0.340079904,10.16530895,1.829013824,0
-0.10049855,9.743872643,1.656730533,0
-0.368793786,9.72712326,1.738086581,0
-0.270388961,9.528518677,2.329412937,1
-0.232103795,9.006584167,2.580958366,1
-0.232103795,9.006584167,2.580958366,1
-0.395114839,9.138189316,2.588136673,1
-0.395114839,9.138189316,2.588136673,1
-0.634397089,8.180761337,3.253640652,1
-0.658325315,8.879764557,4.299902439,1
-0.471685171,11.64257813,3.95503664,1
-0.471685171,11.64257813,3.95503664,1
3.16032052,13.99113274,-3.205784082,1
2.564208508,13.0453701,-1.311864972,1
2.564208508,13.0453701,-1.311864972,1
2.099701881,7.215855598,-1.625623941,1
1.470090389,8.965906143,-1.10608232,1
1.151545882,9.890133858,-0.718145907,0
1.151545882,9.890133858,-0.718145907,0
1.02711916,8.027321815,1.3310076,0
1.055832982,10.20598698,2.820240498,0
1.055832982,10.20598698,2.820240498,0
-0.421435893,8.982656479,3.806681633,0
-0.172283232,9.327521324,2.34137702,0
-0.191425815,9.765408516,2.614457846,0
-0.191425815,9.765408516,2.614457846,0
0.0526421,9.65055275,1.893620014,0
-0.035892341,10.0839529,2.377269268,0
0.031106694,9.31555748,2.274377823,0
0.031106694,9.31555748,2.274377823,0
0.16031912,9.952347755,2.171486616,0
0.016749758,9.518947601,2.374876499,0
0.016749758,9.518947601,2.374876499,0
-0.019142581,9.736694336,2.260020971,0
0.081355967,9.633803368,2.295913219,0
0.074177504,9.509376526,2.45383954,0
0.241675094,10.16770172,2.731706142,0
0.241675094,10.16770172,2.731706142,0
0.145962179,8.791230202,2.877668381,0
0.057427742,9.724730492,3.069094181,0
0.057427742,9.724730492,3.069094181,0
0.36161533,9.648159981,3.32063961,0
0.476470798,8.796015739,3.461816072,1
-0.854835868,10.10788059,4.697110653,1
-0.493220568,8.283653259,4.781158924,1
-0.493220568,8.283653259,4.781158924,1
-0.021535404,7.706683636,3.758825302,1
-0.754038215,8.606683731,4.29750967,1
-0.754038215,8.606683731,4.29750967,1
-0.725324392,7.869395256,5.044369221,1
-0.301794767,8.791230202,5.38923502,1
0.232103795,20.16790581,0.679860711,1
0.232103795,20.16790581,0.679860711,1
-1.055832982,11.48195934,-0.993619621,1
-1.055832982,11.48195934,-0.993619621,1
0.407078952,8.673683167,-1.347757339,1
2.066202402,8.276473999,-0.548255503,0
0.234496623,9.52134037,0.217746854,0
0.411864609,7.424031258,1.18743825,0
0.411864609,7.424031258,1.18743825,0
0.833001375,9.669695854,2.841775894,0
1.089332461,11.56361485,4.172783375,0
1.089332461,11.56361485,4.172783375,0
0.342472732,6.899703979,2.178664923,0
0.77796644,10.44078255,1.486840129,0
0.622433007,9.554840088,2.128415823,0
0.622433007,9.554840088,2.128415823,0
0.380757898,10.09113121,2.520838737,0
0.550648332,10.28734303,2.944667339,0
0.550648332,10.28734303,2.944667339,0
0.450149775,9.104690552,2.35812664,0
0.220139682,9.825528145,2.303091764,0
0.153140649,9.459127426,2.631207705,0
0.153140649,9.459127426,2.631207705,0
0.344865561,9.67926693,2.362912416,0
0.344865561,9.67926693,2.362912416,0
0.198604286,9.674481392,2.561815739,0
0.402293295,9.736694336,2.580958366,0
0.347258389,9.631410599,2.334198475,0
0.347258389,9.631410599,2.334198475,0
0.241675094,9.533304214,2.291127682,0
0.267996132,9.770194054,2.477767944,0
0.337687105,9.526125908,2.753241539,0
0.337687105,9.526125908,2.753241539,0
0.387936383,9.640981674,2.34137702,0
0.373579443,9.739087105,2.23130703,0
0.373579443,9.739087105,2.23130703,0
0.387936383,9.887741089,2.64077878,0
-0.090927258,9.502198219,2.094916344,0
-0.090927258,9.976275444,2.384447813,0
-0.090927258,9.976275444,2.384447813,0
0.375972271,9.976275444,2.379662037,0
-0.090927258,9.688838005,2.848954439,0
-0.292223454,8.958727837,2.903989315,0
-0.292223454,8.958727837,2.903989315,0
-0.373579443,9.337093353,2.362912416,1
-0.749252617,9.286844254,3.732504129,1
-0.655932486,8.748159409,4.228117466,1
-0.655932486,8.748159409,4.228117466,1
-0.366400957,8.953942299,4.646861553,1
-0.359222502,8.293224335,4.326223373,1
-0.359222502,8.293224335,4.326223373,1
-0.153140649,7.565207958,5.015655518,1
-0.153140649,7.565207958,5.015655518,1
-0.153140649,7.565207958,5.015655518,1
-0.153140649,7.565207958,5.015655518,1
-0.153140649,7.565207958,5.015655518,0
1.091725349,10.49103165,-1.051047325,0
1.563410521,11.19003487,-3.035594702,0
1.407876968,10.61067295,-2.18105793,0
1.429412484,10.00498962,-1.110867858,0
0.598504782,8.779266357,0.150747821,0
0.598504782,8.779266357,0.150747821,0
0.603290439,8.628219604,0.416650236,0
0.603290439,8.628219604,0.416650236,0
-0.098105729,8.695218086,1.333400369,0
0.265603304,8.298009872,2.427518606,0
0.011964113,10.32323551,1.130010486,0
0.864407182,9.626625061,2.300698996,0
0.864407182,9.626625061,2.300698996,0
0.090927258,9.449555397,2.73649168,0
0.272781789,9.631410599,2.746062994,0
0.272781789,9.631410599,2.746062994,0
0.205782741,9.545269012,3.114856958,0
0.162711933,9.485447884,2.872882605,0
-0.040677983,9.420842171,3.239283562,0
-0.040677983,9.420842171,3.239283562,0
-0.138783708,9.674481392,2.94227457,0
0.133998066,9.576375008,3.07148695,0
0.007178468,9.270093918,2.884846687,0
0.007178468,9.270093918,2.884846687,0
0.119641133,9.672088623,2.681456804,0
0.172283232,9.411270142,3.167499065,0
0.299401939,9.250652313,2.643171787,0
0.299401939,9.250652313,2.643171787,0
0.239282265,9.459127426,2.571387053,0
0.193818629,9.724730492,2.374876499,0
0.16031912,10.49581718,2.892025232,0
0.16031912,10.49581718,2.892025232,1
-0.311366051,8.436793327,2.43708992,1
0.347258389,10.09591675,2.24566412,1
0.347258389,10.09591675,2.24566412,1
-0.272781789,8.896514893,2.786741018,1
-0.895513892,9.463912964,3.239283562,1
-0.97926265,9.12861824,3.547957659,1
-0.97926265,9.12861824,3.547957659,1
-1.039083242,9.363413811,4.172783375,1
-0.936191857,8.247760773,4.235296249,1
-0.936191857,8.247760773,4.235296249,1
-0.751645386,9.253045082,4.864907742,1
-1.060618639,8.736195564,4.685146809,1
-0.847657442,7.945965767,5.831906796,0
-0.847657442,7.945965767,5.831906796,0
-0.548255503,7.321139812,5.281258583,0
-0.567398071,15.90868092,3.782753468,0
-0.567398071,15.90868092,3.782753468,0
-2.602493763,11.9225378,-0.801894665,0
2.944667339,12.92094326,-2.128415823,0
0.859621525,9.310771942,-1.086939692,0
0.859621525,9.310771942,-1.086939692,0
0.96251291,9.133403778,-0.198604286,0
0.454935402,8.796015739,1.168295622,0
0.64875406,9.789336205,1.51555407,0
0.64875406,9.789336205,1.51555407,0
0.675075114,9.150154114,1.252044439,0
0.608076036,9.09990406,1.910369754,0
1.060618639,11.1948204,3.198605776,0
0.10049855,8.970691681,2.573779821,0
0.10049855,8.970691681,2.573779821,0
0.517148793,10.21555805,2.061416626,0
-0.10049855,9.36580658,2.221735716,0
-0.10049855,9.36580658,2.221735716,0
0.064606212,9.707980156,2.281556368,0
-0.16031912,9.832706451,2.26241374,0
-0.074177504,9.700801849,2.32701993,0
-0.074177504,9.700801849,2.32701993,0
-0.119641133,9.65055275,2.27677083,0
-0.200997099,9.554840088,2.602493763,0
0.038285162,9.803693771,2.260020971,0
0.038285162,9.803693771,2.260020971,0
0.066999033,9.698409081,2.126022816,0
-0.117248312,9.640981674,2.279163599,0
0.177068874,9.741479874,2.288734913,0
0.177068874,9.741479874,2.288734913,0
0.083748795,9.729516029,2.319841623,0
0.200997099,9.533304214,2.145165443,0
0.043070808,9.818050385,2.152343988,0
0.043070808,9.818050385,2.152343988,0
0.035892341,9.667302132,2.384447813,0
0.110069841,9.65055275,2.161915302,0
0.110069841,9.65055275,2.161915302,0
0.02632105,9.588339806,2.499303341,0
0.141176537,9.597910881,2.171486616,0
0.093320087,9.523733139,2.238485575,0
0.093320087,9.523733139,2.238485575,0
0.141176537,9.648159981,2.23130703,0
0.055034921,9.648159981,2.19780755,0
0.028713871,9.717552185,2.161915302,0
0.193818629,9.655338287,2.013560295,0
0.193818629,9.655338287,2.013560295,0
0.193818629,9.655338287,2.013560295,0
0.193818629,9.655338287,2.013560295,0
0.071784683,9.451948166,2.204986095,0
0.133998066,9.779765129,2.209771633,0
0.200997099,9.669695854,2.047059774,0
0.117248312,9.530911446,2.300698996,0
0.117248312,9.530911446,2.300698996,0
0.078963146,9.420842171,2.27677083,0
0.078963146,9.703194618,2.147558212,0
-0.119641133,9.49980545,2.264806747,0
-0.119641133,9.49980545,2.264806747,0
-0.189032987,9.880562782,2.288734913,0
-0.200997099,9.782157898,2.054238319,0
-0.059820566,9.640981674,2.133201361,0
-0.059820566,9.640981674,2.133201361,0
0.10767702,9.636196136,2.051845312,0
0.02632105,9.444769859,2.269592285,0
-0.155533478,10.6298151,2.829811811,0
-0.155533478,10.6298151,2.829811811,0
-0.773180842,9.262915611,2.860918522,0
-0.773180842,9.262915611,2.860918522,0
-1.228116274,9.449555397,2.195414782,0
-1.599302888,9.114261627,2.652743101,1
-1.213759303,10.3471632,2.702992201,1
-1.223330617,9.087940216,3.148356438,1
-1.223330617,9.087940216,3.148356438,1
-1.635195136,9.075976372,3.440280676,1
-1.137188911,9.389735222,3.895216227,1
-1.137188911,9.389735222,3.895216227,1
-0.706181765,7.723433495,3.619742393,1
-1.354935765,8.041678429,3.780360699,1
-1.197009563,9.195617676,3.344567776,1
0.011964113,10.96032429,1.18743825,1
0.011964113,10.96032429,1.18743825,1
1.601695657,13.86909962,-1.345364571,1
1.601695657,13.86909962,-1.345364571,1
0.560219586,10.2347002,-1.625623941,1
1.158724308,9.150154114,-1.28315115,0
0.488434911,9.497411728,-0.579362154,0
0.488434911,9.497411728,-0.579362154,0
1.357328653,8.860622406,0.20817557,0
1.359721422,8.633005142,1.649552107,0
1.359721422,8.633005142,1.649552107,0
0.960120082,10.89541912,3.614956856,0
0.818644464,8.848658562,3.71336174,0
0.498006225,10.51496029,3.014059305,0
0.498006225,10.51496029,3.014059305,0
0.385543555,9.483055115,2.35812664,0
0.498006225,9.686445236,1.987239242,0
0.136390895,9.542876244,2.037488461,0
0.136390895,9.542876244,2.037488461,0
0.162711933,9.700801849,1.824228168,0
0.045463629,9.29402256,1.987239242,0
-0.210568398,9.638588905,2.32701993,0
-0.210568398,9.638588905,2.32701993,0
-0.469292343,10.00259686,3.023630619,0
-0.328115791,8.700303078,2.777169704,0
-0.328115791,8.700303078,2.777169704,1
0.057427742,9.590732574,2.504088879,1
-0.722931564,8.317152023,2.951845884,1
-0.258424848,8.740981102,3.19382,1
-0.258424848,8.740981102,3.19382,1
-0.459721059,10.11266708,3.818645954,1
-0.5697909,14.41017628,3.706183195,1
-1.173081279,9.564411163,2.853740215,1
-1.173081279,9.564411163,2.853740215,1
2.23130703,12.15494061,0.9314062,1
2.23130703,12.15494061,0.9314062,1
0.387936383,8.831908226,0.567398071,1
0.179461703,9.743872643,-0.433400005,1
1.000798106,8.709874153,0.821037292,1
1.000798106,8.709874153,0.821037292,0
1.663909078,8.683254242,1.431805253,0
0.725324392,9.887741089,2.161915302,0
0.725324392,9.887741089,2.161915302,0
0.275174618,9.779765129,2.185843468,0
0.0526421,9.892526627,2.50169611,0
0.371186614,9.284450531,2.552244425,0
0.5697909,9.416056633,1.886441588,0
0.057427742,9.949954987,2.657528639,0
0.057427742,9.949954987,2.657528639,0
-0.126819596,9.356235504,2.305484533,0
-0.126819596,9.356235504,2.305484533,0
-0.119641133,9.947562218,2.446661234,0
-0.059820566,9.516554832,2.533101797,0
-0.174676046,9.37298584,2.602493763,0
-0.270388961,9.428020477,2.537887573,0
-0.270388961,9.428020477,2.537887573,0
-0.193818629,9.267701149,2.26241374,0
-0.258424848,9.516554832,2.786741018,1
-0.267996132,9.313164711,2.832204819,1
-0.267996132,9.313164711,2.832204819,1
-0.82582289,9.894919395,3.370888948,1
-0.227318153,8.597112656,3.033201694,1
-0.227318153,8.597112656,3.033201694,1
-0.955334425,8.71705246,3.040380239,1
-0.50518471,9.006584167,3.626920938,1
0.021535404,8.570791245,4.493721008,1
-0.770788014,11.56840038,4.594219685,1
-0.770788014,11.56840038,4.594219685,1
2.07098794,11.7526474,0.210568398,1
2.07098794,11.7526474,0.210568398,1
1.58016026,10.72313595,0.371186614,1
1.292722464,8.137690544,0.222532511,1
1.637588024,10.11984539,-0.267996132,0
0.481256455,9.289237022,0.428614348,0
0.481256455,9.289237022,0.428614348,0
1.424626827,9.562018394,1.086939692,0
0.407078952,8.870193481,1.668694735,0
0.407078952,8.870193481,1.668694735,0
-0.490827739,9.384949684,2.161915302,0
-0.292223454,10.25384331,2.413161755,0
-0.157926291,9.52134037,2.81545496,0
-0.462113887,9.669695854,2.382055044,0
-0.462113887,9.669695854,2.382055044,0
-0.282652169,9.523733139,2.24566412,0
-0.282652169,9.523733139,2.24566412,0
-0.200997099,9.593125343,2.513660192,0
-0.069391854,9.686445236,2.322234392,0
-0.241675094,9.518947601,2.439482689,0
-0.423828721,9.803693771,2.401197433,0
-0.423828721,9.803693771,2.401197433,0
-0.220139682,9.657731056,2.243271112,0
-0.122033954,9.643374443,2.23130703,0
-0.251246363,9.794121742,2.207378864,0
-0.200997099,9.638588905,2.317448616,0
-0.200997099,9.638588905,2.317448616,0
-0.148355007,9.662516594,2.489732027,0
-0.148355007,9.662516594,2.489732027,0
-0.366400957,9.767801285,2.59052968,0
-0.318544507,9.506983757,2.408375978,0
-0.308973223,9.605089188,2.185843468,0
-0.308973223,9.605089188,2.185843468,0
-0.20817557,9.631410599,2.207378864,0
0.002392823,9.890133858,2.185843468,0
-0.055034921,9.691230774,2.331805706,0
-0.055034921,9.691230774,2.331805706,0
-0.241675094,9.676874161,2.571387053,0
-0.292223454,9.676874161,2.307877541,0
-0.229710966,9.583553314,2.322234392,0
-0.229710966,9.583553314,2.322234392,0
-0.404686123,9.523733139,2.173879385,0
-0.21535404,9.562018394,2.200200319,0
-0.205782741,10.04327488,2.298306227,0
-0.385543555,9.349057198,2.336591244,0
-0.385543555,9.349057198,2.336591244,0
-0.529112935,9.636196136,2.082952023,0
-0.155533478,10.44317532,2.39162612,0
-0.155533478,10.44317532,2.39162612,0
-0.536291361,9.926026344,1.912762642,0
-0.277567416,9.566803932,2.130808592,0
0.964905739,9.638588905,2.628814697,0
0.095712908,9.74865818,2.932703257,0
0.095712908,9.74865818,2.932703257,0
-1.287936807,11.81725407,2.930310488,0
-1.18743825,8.30279541,1.939083695,0
-1.70937264,10.15334511,1.54905355,0
-1.70937264,10.15334511,1.54905355,0
-1.086939692,9.502198219,1.972882271,0
-1.086939692,9.502198219,1.972882271,0
-1.747657895,9.37298584,1.489233017,0
-2.37248373,9.624231339,2.147558212,0
-0.835394204,7.376174927,2.906382322,0
-0.835394204,7.376174927,2.906382322,0
-0.969691396,6.480959892,4.16081953,0
-1.544267893,10.63460159,4.342973232,0
-1.544267893,10.63460159,4.342973232,0
-0.179461703,16.50000763,4.747360229,0
3.492922783,11.15892887,1.417448282,0
3.844966888,10.44796085,-0.414257407,0
2.848954439,10.26580715,-0.466899514,0
2.848954439,10.26580715,-0.466899514,0
2.240878344,8.90130043,0.347258389,0
2.097309113,9.159725189,2.508874655,0
2.097309113,9.159725189,2.508874655,0
2.935096025,7.91007328,1.711765528,0
1.843370795,10.11984539,1.687837243,0
1.498804331,9.969097137,2.557030201,0
1.498804331,9.969097137,2.557030201,0
0.567398071,8.656932831,2.441875458,0
0.567398071,8.656932831,2.441875458,0
0.651146889,10.32084274,3.004487991,0
0.519541621,9.013762474,2.702992201,0
0.328115791,10.23709393,3.105285645,0
0.224925324,9.095118523,2.626421928,0
0.224925324,9.095118523,2.626421928,0
0.212961212,9.830313683,2.600100994,0
0.069391854,9.44237709,2.580958366,0
0.069391854,9.44237709,2.580958366,0
0.122033954,9.320343018,2.54506588,0
0.272781789,9.763015747,2.729313374,0
-0.133998066,8.918049812,2.870489836,0
-0.742074132,9.746265411,3.370888948,0
-0.742074132,9.746265411,3.370888948,0
-0.289830655,9.643374443,3.562314749,1
-0.536291361,7.816753387,2.841775894,1
-0.536291361,7.816753387,2.841775894,1
-1.089332461,8.941978455,3.540779352,1
-1.067797065,8.575576782,4.83858633,1
-0.996012449,9.830313683,4.105784416,1
-0.996012449,9.830313683,4.105784416,1
0.148355007,14.52742481,2.679064035,1
1.625623941,13.44766331,-1.063011408,1
1.680658817,10.12223816,-1.891227245,1
1.680658817,10.12223816,-1.891227245,1
0.909870803,8.884550095,-0.68225354,1
0.624825835,9.061619759,-0.258424848,1
0.624825835,9.061619759,-0.258424848,0
0.751645386,9.243474007,-0.248853549,0
0.837787032,8.238189697,1.48444736,0
0.80907315,12.34158134,3.701397419,0
-0.52193445,7.440781116,2.892025232,0
-0.52193445,7.440781116,2.892025232,0
0.136390895,10.66331482,1.776371717,0
0.301794767,9.284450531,2.901596546,0
0.301794767,9.284450531,2.901596546,0
0.279960245,9.657731056,2.557030201,0
0.189032987,9.514162064,2.978166819,0
0.232103795,9.454340935,2.789133787,0
0.232103795,9.454340935,2.789133787,0
0.25603202,9.662516594,2.647957325,0
0.205782741,9.504590988,2.760420084,0
0.057427742,9.674481392,2.619243383,0
0.057427742,9.674481392,2.619243383,0
0.328115791,9.633803368,2.573779821,0
0.328115791,9.772586823,2.571387053,0
0.328115791,9.772586823,2.571387053,0
0.239282265,9.545269012,2.657528639,0
-0.021535404,9.535696983,2.767598391,0
-0.328115791,9.820742607,2.954238653,0
-0.328115791,9.820742607,2.954238653,0
-0.157926291,9.042476654,2.71974206,0
-0.112462662,9.957133293,2.729313374,0
-0.112462662,9.957133293,2.729313374,0
-0.002392823,9.62901783,2.863311291,0
-0.285044998,9.241081238,2.722134829,1
-0.234496623,10.07916737,3.220141172,1
0.141176537,8.673683167,2.978166819,1
-0.285044998,9.274879456,3.287140131,1
-0.285044998,9.274879456,3.287140131,1
-0.191425815,9.183652878,4.005286217,1
-0.191425815,9.183652878,4.005286217,1
-0.689432025,8.633005142,4.658825874,1
-0.689432025,8.633005142,4.658825874,1
-0.885942578,8.860622406,4.864907742,1
-0.486042112,7.876574039,5.365306377,1
-0.486042112,7.876574039,5.365306377,1
-0.471685171,6.689135551,5.784050465,1
-0.488434911,6.124130249,4.148855209,1
-0.402293295,12.18604755,5.961418629,1
0.924227774,14.80020618,-1.371685624,1
0.924227774,14.80020618,-1.371685624,1
1.735693693,10.33759212,-1.888834357,0
1.735693693,10.33759212,-1.888834357,0
1.429412484,9.028120041,-0.73010999,0
0.756431043,9.753444672,0.311366051,0
0.97926265,8.35304451,1.127617717,0
0.97926265,8.35304451,1.127617717,0
0.299401939,9.245866776,1.230509043,0
0.722931564,8.599505424,1.912762642,0
0.722931564,8.599505424,1.912762642,0
-0.328115791,10.82124138,3.528815269,0
0.136390895,8.144868851,3.303889751,0
0.136390895,8.144868851,3.303889751,0
0.260817677,10.19402313,3.308675528,0
-0.229710966,8.953942299,3.215355396,0
-0.229710966,8.953942299,3.215355396,0
0.019142581,9.181260109,3.3852458,0
0.179461703,9.808479309,2.659921408,0
-0.081355967,9.631410599,2.860918522,0
-0.081355967,9.631410599,2.860918522,0
0.002392823,9.698409081,2.803490877,0
0.002392823,9.698409081,2.803490877,0
0.145962179,9.466305733,2.863311291,0
-0.009571291,9.478269577,3.200998545,0
0.028713871,9.389735222,2.954238653,0
0.028713871,9.389735222,2.954238653,0
0.263210505,9.382556915,2.844168901,0
0.275174618,9.693623543,3.078665495,0
0.275174618,9.693623543,3.078665495,0
0.150747821,9.353842735,3.004487991,0
0.354436845,9.384949684,2.865704298,0
0.078963146,9.497411728,2.73649168,0
0.078963146,9.497411728,2.73649168,0
0.25603202,9.573982239,2.832204819,0
0.359222502,9.60030365,3.011666298,0
0.359222502,9.60030365,3.011666298,0
0.835394204,9.341878891,2.875275612,0
0.337687105,9.174081802,3.346960783,0
0.325722992,9.456734657,3.459423304,1
-0.066999033,8.882157326,3.718147278,1
-0.066999033,8.882157326,3.718147278,1
-0.596111953,8.865407944,4.057928085,1
-0.364008158,9.166903496,4.273581028,1
-0.364008158,9.166903496,4.273581028,1
-0.634397089,8.365009308,4.505684853,1
-0.253639191,8.568398476,4.608576298,1
0.10767702,8.290831566,5.044369221,1
0.10767702,8.290831566,5.044369221,1
-0.459721059,8.082356453,5.681159019,1
-0.074177504,7.768897057,5.556732178,1
-0.074177504,7.768897057,5.556732178,1
-0.61764735,8.070392609,5.489733219,1
4.273581028,14.93450356,1.407876968,0
2.875275612,15.55693626,0.222532511,0
2.078166485,8.779266357,-0.205782741,0
2.078166485,8.779266357,-0.205782741,0
1.053440213,8.848658562,0.136390895,0
1.613659739,8.616254807,0.775573611,0
0.972084224,8.752944946,0.854835868,0
0.972084224,8.752944946,0.854835868,0
1.496411443,8.97308445,1.299900889,0
1.168295622,9.796515465,2.68624258,0
1.168295622,9.796515465,2.68624258,0
0.390329182,10.35912704,3.136392355,0
0.73010999,8.994620323,2.805883646,0
0.486042112,9.62901783,2.64077878,0
0.486042112,9.62901783,2.64077878,0
0.579362154,9.351449966,2.825026274,0
0.526720107,9.674481392,2.906382322,0
0.526720107,9.674481392,2.906382322,0
0.478863627,9.480662346,2.798705101,0
0.431007177,9.502198219,2.748456001,0
0.364008158,9.361021042,3.145963669,0
0.411864609,9.468698502,2.994916677,0
0.411864609,9.468698502,2.994916677,0
0.689432025,9.837491989,3.004487991,0
0.830608547,8.970691681,3.095714331,0
0.722931564,9.317950249,2.939881802,0
0.722931564,9.317950249,2.939881802,0
0.722931564,9.55005455,2.903989315,0
0.364008158,8.398508072,3.19382,0
0.069391854,9.672088623,3.392424345,1
0.069391854,9.672088623,3.392424345,1
0.328115791,10.00738239,3.658326626,1
0.368793786,8.824729919,3.46420908,1
-0.354436845,8.130212784,3.775574923,1
-0.354436845,8.130212784,3.775574923,1
-0.086141616,8.68803978,4.460221291,1
-0.031106694,9.353842735,4.915156841,1
-0.031106694,9.353842735,4.915156841,1
-0.701396108,7.584649563,5.700301647,1
-1.618445396,16.62234116,4.958227634,1
-1.620838284,12.28893852,0.584147811,1
-1.620838284,12.28893852,0.584147811,1
2.829811811,12.75105286,-0.91465646,0
1.922333837,8.046463966,-0.909870803,0
1.922333837,8.046463966,-0.909870803,0
1.415055513,8.345866203,0.988833964,0
0.478863627,9.296415329,0.737288475,0
0.813858807,9.016156197,1.240080357,0
1.347757339,10.20598698,3.459423304,0
1.347757339,10.20598698,3.459423304,0
0.687039196,10.22273636,3.406781197,0
0.687039196,10.22273636,3.406781197,0
0.9314062,8.92283535,2.465803623,0
0.466899514,9.475876808,2.470589399,0
0.292223454,9.779765129,2.693420887,0
0.117248312,9.322735786,2.877668381,0
0.117248312,9.322735786,2.877668381,0
-0.028713871,9.712766647,2.853740215,0
0,9.356235504,2.88006115,0
0.10049855,9.229117393,2.994916677,0
0.10049855,9.229117393,2.994916677,0
0.002392823,9.875777245,2.966202736,0
0.328115791,9.05922699,3.246462107,0
0.150747821,8.84387207,3.390031576,0
0.150747821,8.84387207,3.390031576,0
0.191425815,9.39452076,3.512065411,1
-0.373579443,8.71705246,3.833002806,1
-0.576969385,9.619445801,4.963013172,1
0.349651217,7.24217701,4.091427803,1
0.349651217,7.24217701,4.091427803,1
-0.780359268,8.577970505,4.505684853,1
-0.780359268,8.577970505,4.505684853,1
0.071784683,7.907680511,5.346164227,1
-0.074177504,11.58514977,4.536791801,1
4.110570431,13.38544941,0.842871785,1
4.110570431,13.38544941,0.842871785,1
1.687837243,10.99860954,2.18105793,1
1.742872238,8.446364403,1.292722464,1
1.742872238,8.446364403,1.292722464,0
2.145165443,8.472685814,0.074177504,0
1.144367456,8.709874153,-0.043070808,0
1.051047325,10.40010452,0.756431043,0
1.051047325,10.40010452,0.756431043,0
1.412662625,8.757730484,2.202593327,0
-0.40947178,10.62024403,3.394817114,0
-0.40947178,10.62024403,3.394817114,0
0.560219586,8.798408508,2.43708992,0
0.385543555,9.868598938,2.32701993,0
-0.016749758,9.60030365,2.228914261,0
0.002392823,9.854242325,2.643171787,0
0.002392823,9.854242325,2.643171787,0
0.31375888,9.432806015,2.71974206,0
0.047856454,9.329915047,2.963809967,0
0.059820566,9.188439369,2.868097067,0
0.059820566,9.188439369,2.868097067,0
-0.033499517,9.502198219,3.011666298,0
-0.102891371,10.27059269,2.930310488,0
-0.102891371,10.27059269,2.930310488,0
-0.220139682,8.937192917,2.973381281,1
-0.42622152,9.743872643,3.114856958,1
-0.42622152,9.743872643,3.114856958,1
-0.433400005,9.181260109,2.980559587,1
-0.189032987,10.54606628,3.964607954,1
0.212961212,8.041678429,2.973381281,1
-0.543469846,9.075976372,3.234498024,1
-0.543469846,9.075976372,3.234498024,1
-0.301794767,8.975478172,3.701397419,1
-0.701396108,8.549256325,4.929513931,1
-1.244866014,8.286046028,5.731408596,1
-1.244866014,8.286046028,5.731408596,1
-1.065404296,14.92971802,4.000500202,1
-0.938584685,8.1759758,1.132403374,1
1.503589988,13.05015564,-0.91465646,1
1.503589988,13.05015564,-0.91465646,1
1.699801445,8.060821533,-0.672682285,0
0.785144925,9.952347755,0.136390895,0
0.725324392,9.770194054,0.629611433,0
0.725324392,9.770194054,0.629611433,0
0.392722011,8.726624489,1.412662625,0
-0.488434911,10.11984539,1.874477386,0
-0.488434911,10.11984539,1.874477386,0
-0.090927258,9.435198784,3.095714331,0
-0.179461703,9.444769859,2.793919563,0
-0.179461703,9.444769859,2.793919563,0
-0.155533478,9.267701149,2.959024191,0
-0.050249275,9.614660263,3.083451033,0
0.045463629,9.363413811,2.75084877,0
0.277567416,9.451948166,2.865704298,0
0.277567416,9.451948166,2.865704298,0
0.16031912,9.619445801,2.798705101,0
0.212961212,9.408877373,2.94227457,0
0.212961212,9.408877373,2.94227457,0
0.220139682,9.416056633,3.085843801,0
0.189032987,9.245866776,3.138785124,0
-0.174676046,8.97308445,3.41635251,0
-0.519541621,9.710372925,3.334996462,0
-0.519541621,9.710372925,3.334996462,1
0.021535404,9.485447884,3.696611881,1
0.119641133,8.599505424,2.875275612,1
0.119641133,8.599505424,2.875275612,1
-0.555433929,9.329915047,3.037987471,1
-0.366400957,8.764909744,4.031607151,1
0.145962179,8.386544228,4.601397991,1
0.145962179,8.386544228,4.601397991,1
-0.780359268,8.412865639,5.113760948,1
-1.17068851,9.049654961,6.964310169,1
-0.792323411,10.94088268,5.295615673,1
-0.792323411,10.94088268,5.295615673,1
0.340079904,8.40329361,2.863311291,1
3.528815269,13.78774357,-2.087737799,1
3.528815269,13.78774357,-2.087737799,0
0.126819596,8.467900276,-0.474078,0
2.087737799,9.004191399,-0.174676046,0
0.857228696,8.549256325,1.292722464,0
1.754836321,8.848658562,0.581754982,0
1.754836321,8.848658562,0.581754982,0
0.782752097,11.26181984,1.146760225,0
-0.531505704,10.40728283,2.779562712,0
-0.531505704,10.40728283,2.779562712,0
0.220139682,8.487042427,2.68624258,0
0.011964113,9.664909363,2.729313374,0
0.112462662,9.461520195,2.446661234,0
0.112462662,9.461520195,2.446661234,0
-0.282652169,9.825528145,2.353341103,0
-0.198604286,9.456734657,2.389233351,0
-0.198604286,9.456734657,2.389233351,0
-0.133998066,9.794121742,2.607279301,0
-0.165104762,9.528518677,2.662314177,0
-0.387936383,9.62901783,2.724527597,0
-0.636789918,9.399306297,3.061915636,0
-0.636789918,9.399306297,3.061915636,0
-0.770788014,9.351449966,2.959024191,0
-0.766002357,9.408877373,2.758027315,1
-0.86680001,9.41366291,2.868097067,1
-1.039083242,9.03051281,3.081058264,1
-1.039083242,9.03051281,3.081058264,1
-0.775573611,8.738588333,3.497708559,1
-1.031904817,8.259724617,4.194318771,1
-1.031904817,8.259724617,4.194318771,1
-0.651146889,8.185546875,4.744967461,1
-0.862014353,8.01775074,4.991727352,1
-1.441376567,8.853444099,5.975775242,1
-1.441376567,8.853444099,5.975775242,1
-0.5697909,11.08235836,4.958227634,1
1.036690354,11.45803165,2.607279301,1
1.127617717,13.26580906,0.512363136,1
1.127617717,13.26580906,0.512363136,1
0.859621525,8.683254242,0.509970307,1
1.012762189,8.848658562,0.476470798,0
1.012762189,8.848658562,0.476470798,0
0.754038215,8.441578865,-0.536291361,0
0.169890404,8.855836868,1.156331539,0
0.890728235,11.18524933,2.384447813,0
-0.562612414,8.388936996,2.899203777,0
-0.562612414,8.388936996,2.899203777,0
-0.066999033,9.221938133,3.107678413,0
-0.021535404,9.346664429,3.07148695,0
-0.021535404,9.346664429,3.07148695,0
0.117248312,9.62183857,2.872882605,0
0.148355007,9.703194618,2.75084877,0
0.308973223,9.523733139,2.925524712,0
0.308973223,9.523733139,2.925524712,0
0.615254521,9.648159981,2.906382322,0
0.450149775,9.17886734,2.94227457,0
0.356829673,8.934800148,2.968595505,0
-0.023928227,8.939585686,3.026023388,0
-0.023928227,8.939585686,3.026023388,0
0.131605253,9.559625626,3.471387386,0
0.205782741,9.406484604,3.272783279,0
-0.279960245,8.171190262,3.083451033,0
-0.279960245,8.171190262,3.083451033,1
0.004785645,10.65374374,3.490530014,1
0.105284199,8.72423172,3.983750582,1
-0.651146889,7.97467947,4.36211586,1
-0.651146889,7.97467947,4.36211586,1
-0.620040178,8.309973717,4.625326157,1
0.009571291,7.922037601,5.38923502,1
0.009571291,7.922037601,5.38923502,1
-0.701396108,8.71705246,5.343770981,1
4.642076015,14.75952816,0.837787032,1
2.805883646,12.06371403,-0.507577479,1
2.805883646,12.06371403,-0.507577479,1
1.874477386,9.640981674,-0.464506686,1
1.982453585,8.709874153,-0.165104762,0
1.541875124,8.518149376,0.133998066,0
1.541875124,8.518149376,0.133998066,0
0.294616282,9.090332985,1.446162224,0
1.582553029,8.075178146,2.080559254,0
1.582553029,8.075178146,2.080559254,0
1.120439172,9.250652313,2.056631088,0
0.428614348,10.81406307,1.927119493,0
0.495613396,8.827122688,1.797907114,0
0.483649284,10.6417799,2.803490877,0
0.335294276,9.097511292,2.470589399,0
0.335294276,9.097511292,2.470589399,0
0.320937335,9.640981674,2.600100994,0
0.316151679,9.305986404,2.676671267,0
0.316151679,9.305986404,2.676671267,0
0.567398071,9.581160545,2.583351135,0
0.512363136,9.562018394,2.489732027,0
0.419043064,9.664909363,2.461018085,0
0.419043064,9.664909363,2.461018085,0
0.354436845,9.60030365,2.643171787,0
0.354436845,9.42323494,2.619243383,0
0.354436845,9.42323494,2.619243383,0
0.340079904,9.358628273,2.844168901,0
0.519541621,9.308379173,2.789133787,0
0.77796644,9.547661781,3.196212769,0
0.77796644,9.547661781,3.196212769,0
1.462911963,9.540482521,3.198605776,0
1.797907114,8.836693764,2.535494804,0
1.797907114,8.836693764,2.535494804,1
1.18743825,8.834300995,2.274377823,1
0.431007177,10.01934624,3.696611881,1
0.454935402,7.606184959,3.643670797,1
0.454935402,7.606184959,3.643670797,1
0.862014353,8.106285095,3.847359657,1
0.845264614,7.972286701,4.953442097,1
0.845264614,7.972286701,4.953442097,1
0.576969385,9.818050385,5.55194664,1
0.244067907,16.59123421,5.437091351,1
0.632004261,14.70210075,0.292223454,1
0.632004261,14.70210075,0.292223454,1
1.735693693,10.27537823,-0.74446696,1
1.862513304,8.405686378,-0.287437826,1
1.862513304,8.405686378,-0.287437826,1
-0.416650236,7.996214867,-0.186640173,1
0.438185632,8.709874153,0.454935402,1
-0.272781789,9.667302132,2.336591244,0
-0.272781789,9.667302132,2.336591244,0
-0.71336025,9.188439369,1.558624864,0
0.474078,10.1964159,2.959024191,0
0.474078,10.1964159,2.959024191,0
-0.627218664,9.212367058,2.049452543,0
-0.148355007,9.660123825,1.857727647,0
-0.148355007,9.660123825,1.857727647,0
-0.093320087,10.00020409,1.955833435,0
-0.110069841,9.648159981,2.092523336,0
0.074177504,9.940383911,2.317448616,0
0.320937335,9.688838005,2.42273283,0
0.490827739,9.585947037,2.408375978,0
0.490827739,9.585947037,2.408375978,0
0.354436845,9.593125343,2.535494804,0
0.354436845,9.593125343,2.535494804,0
0.246460736,9.26530838,2.37248373,0
0.184247345,9.985847473,2.46819663,0
0.241675094,9.420842171,2.633600473,0
0.490827739,9.691230774,2.664707184,0
0.490827739,9.691230774,2.664707184,0
0.354436845,9.475876808,2.204986095,0
0.093320087,9.636196136,2.439482689,0
0.093320087,9.636196136,2.439482689,0
0.045463629,10.19162941,2.465803623,0
-0.279960245,9.308379173,2.925524712,0
0.021535404,9.193224907,3.07148695,1
0.021535404,9.193224907,3.07148695,1
-0.16749759,8.882157326,2.75084877,1
-0.20817557,9.411270142,3.351746321,1
0.069391854,9.334700584,3.658326626,1
-0.746859789,9.202795982,4.919942379,1
-0.746859789,9.202795982,4.919942379,1
-0.141176537,8.324331284,4.740181446,1
-0.141176537,8.324331284,4.740181446,1
-0.529112935,8.705088615,5.156831741,1
-0.292223454,7.318747044,5.508875847,1
-0.069391854,8.762516975,1.831406593,1
-1.960619092,12.4803648,3.12921381,1
2.164308071,13.09322643,-0.591326296,1
2.164308071,13.09322643,-0.591326296,1
3.239283562,10.56760216,-1.376471281,0
2.528316259,10.25384331,-1.046261668,0
2.528316259,10.25384331,-1.046261668,0
2.106880426,8.726624489,0.60089761,0
2.106880426,8.726624489,0.60089761,0
2.27677083,7.428816795,0.373579443,0
0.722931564,9.229117393,0.181854516,0
0.97926265,9.049654961,1.606481314,0
0.97926265,9.049654961,1.606481314,0
0.862014353,10.45274639,2.583351135,0
0.133998066,9.72712326,3.263211966,0
0.615254521,9.248259544,2.75084877,0
-0.143569365,8.985049248,2.920739174,0
-0.143569365,8.985049248,2.920739174,0
0.028713871,9.67926693,2.561815739,0
0.340079904,9.686445236,2.614457846,0
0.340079904,9.686445236,2.614457846,0
0.229710966,9.559625626,2.717349291,0
0.323330164,9.813264847,2.903989315,0
0.279960245,9.44237709,2.803490877,0
0.279960245,9.44237709,2.803490877,0
0.29700911,9.566803932,3.083451033,0
0.174676046,9.418449402,3.014059305,0
0.153140649,9.49262619,3.437887907,0
0.251246363,9.406484604,3.251247883,0
0.251246363,9.406484604,3.251247883,0
0.419043064,9.540482521,3.124428272,0
0.419043064,9.540482521,3.124428272,0
0.349651217,8.939585686,3.016452074,0
0.246460736,9.483055115,2.980559587,0
0.440578461,9.638588905,2.552244425,0
0.493220568,9.703194618,2.616850615,0
0.493220568,9.703194618,2.616850615,0
0.387936383,9.375378609,2.827419043,0
0.52193445,9.154939651,3.030808926,0
0.045463629,8.556434631,2.932703257,1
0.045463629,8.556434631,2.932703257,1
-0.45732823,9.107083321,3.380460262,1
0.464506686,9.55005455,3.445066452,1
-0.354436845,9.147761345,3.241676569,1
-0.354436845,9.147761345,3.241676569,1
-0.368793786,9.722337723,3.557528973,1
-0.416650236,8.542078018,4.402793884,1
-0.275174618,8.779266357,4.441078663,1
-0.275174618,8.779266357,4.441078663,1
-1.299900889,8.573184013,5.137689114,1
-1.02711916,7.502994537,5.535196781,1
-1.02711916,7.502994537,5.535196781,1
-0.888335407,7.591827869,4.323830605,1
1.474876046,12.52343559,1.953440547,1
2.137987137,14.53221035,-0.687039196,1
2.137987137,14.53221035,-0.687039196,1
0.828215718,9.040083885,-1.470090389,0
1.474876046,8.767302513,-1.019940615,0
1.474876046,8.767302513,-1.019940615,0
1.386042476,9.226723671,-0.191425815,0
0.797109067,8.767302513,0.145962179,0
0.739681304,9.17886734,0.775573611,0
0.739681304,9.17886734,0.775573611,0
1.321436286,9.640981674,1.987239242,0
1.079761267,9.856635094,2.126022816,0
1.079761267,9.856635094,2.126022816,0
0.64875406,9.614660263,2.238485575,0
0.270388961,9.631410599,2.401197433,0
0.383150727,9.657731056,1.90079844,0
0.320937335,9.808479309,2.224128723,0
0.320937335,9.808479309,2.224128723,0
0.490827739,9.540482521,2.157129526,0
0.459721059,9.495018959,1.75722909,0
0.459721059,9.495018959,1.75722909,0
0.184247345,9.882955551,2.154736757,0
0.292223454,9.612267494,2.16670084,0
0.277567416,9.578767776,2.496910334,0
0.277567416,9.578767776,2.496910334,0
0.634397089,9.609874725,2.535494804,0
0.670289457,9.31555748,2.755634308,0
0.670289457,9.31555748,2.755634308,0
0.749252617,9.361021042,2.475374937,0
0.402293295,8.946763992,2.616850615,0
-0.279960245,9.593125343,3.177070379,0
-0.279960245,9.593125343,3.177070379,1
0.074177504,8.577970505,3.485744476,1
0.524327278,8.865407944,2.781955481,1
0.524327278,8.865407944,2.781955481,1
-0.282652169,8.932407379,4.228117466,1
-0.059820566,8.874979019,4.42672205,1
-0.352044046,7.926823139,5.434698582,1
-0.352044046,7.926823139,5.434698582,1
0.057427742,11.47717381,4.045963764,1
-0.524327278,12.86830139,1.189831018,1
2.094916344,10.84516907,-1.489233017,1
2.094916344,10.84516907,-1.489233017,1
2.032702923,9.310771942,-1.458126307,1
1.20179522,8.755337715,-0.411864609,1
1.20179522,8.755337715,-0.411864609,1
1.182652593,9.17886734,-0.7612167,0
0.845264614,8.384151459,0.689432025,0
0.42622152,9.9140625,2.169093609,0
0.42622152,9.9140625,2.169093609,0
-0.823430121,8.183154106,2.403590441,0
0.431007177,10.71595669,2.628814697,0
0.431007177,10.71595669,2.628814697,0
-0.653539658,9.188439369,3.081058264,0
0.011964113,9.31555748,3.023630619,0
0.014356935,9.52134037,3.110071182,0
0.304187566,8.989834785,3.41635251,0
-0.050249275,9.557232857,2.94227457,0
-0.050249275,9.557232857,2.94227457,0
0.059820566,9.495018959,2.848954439,0
0.145962179,9.801301003,2.449054003,0
0.145962179,9.801301003,2.449054003,0
0.047856454,9.60030365,2.477767944,0
0.050249275,9.700801849,2.674278498,0
0.050249275,9.700801849,2.674278498,0
0.16749759,9.669695854,2.57617259,0
0.196211457,9.380164146,2.489732027,0
0.083748795,9.818050385,2.607279301,0
0.210568398,9.540482521,2.872882605,0
0.210568398,9.540482521,2.872882605,0
0.277567416,9.643374443,2.64077878,0
0.373579443,9.478269577,2.566601276,0
0.373579443,9.478269577,2.566601276,0
0.277567416,9.530911446,2.755634308,0
0.217746854,9.57158947,2.73649168,0
0.289830655,9.487840652,2.714956284,0
0.179461703,9.691230774,2.726920605,0
0.179461703,9.691230774,2.726920605,0
0.076570325,9.717552185,2.865704298,0
0.090927258,9.605089188,2.394019127,0
0.064606212,9.406484604,2.564208508,0
0.064606212,9.406484604,2.564208508,0
0.270388961,9.605089188,2.516052961,0
0.270388961,9.593125343,2.561815739,0
0.270388961,9.593125343,2.561815739,0
0.354436845,9.585947037,2.552244425,0
0.402293295,9.454340935,2.612065077,0
0.435792834,9.801301003,2.552244425,0
0.371186614,9.533304214,2.609672308,0
0.371186614,9.533304214,2.609672308,0
0.37836507,9.375378609,2.537887573,0
0.304187566,9.60030365,2.549851656,0
0.241675094,9.49980545,2.927917719,0
0.131605253,9.609874725,2.444268227,0
0.212961212,9.595518112,2.571387053,0
0.212961212,9.595518112,2.571387053,0
0.184247345,9.619445801,2.425125837,0
0.292223454,9.569196701,2.48733902,0
0.292223454,9.569196701,2.48733902,0
0.344865561,9.562018394,2.860918522,0
0.344865561,9.562018394,2.860918522,0
0.366400957,9.595518112,2.429911375,0
0.366400957,9.595518112,2.429911375,0
0.244067907,9.583553314,2.415554523,0
0.16749759,9.585947037,2.499303341,0
0.222532511,9.638588905,2.24566412,0
0.222532511,9.638588905,2.24566412,0
0.253639191,9.65055275,2.032702923,0
0.133998066,9.902098656,2.348555326,0
0.133998066,9.902098656,2.348555326,0
0.311366051,9.770194054,2.432304144,0
0.10767702,9.518947601,2.322234392,0
0.076570325,9.432806015,2.295913219,0
0.076570325,9.432806015,2.295913219,0
0.141176537,9.62183857,2.429911375,0
0.050249275,9.483055115,2.882453918,0
0.050249275,9.483055115,2.882453918,0
-0.078963146,9.703194618,2.312663078,0
-0.031106694,9.734301567,2.48733902,0
0.069391854,9.576375008,2.441875458,0
0.078963146,9.803693771,2.410768747,0
0.078963146,9.803693771,2.410768747,0
0.102891371,9.432806015,2.413161755,0
0.179461703,9.617053032,2.331805706,0
0.179461703,9.617053032,2.331805706,0
0.16031912,9.612267494,2.401197433,0
0.196211457,9.573982239,2.429911375,0
0.150747821,9.557232857,2.511267424,0
0.150747821,9.557232857,2.511267424,0
0.212961212,9.631410599,2.446661234,0
0.275174618,9.662516594,2.444268227,0
0.153140649,9.655338287,2.40598321,0
0.205782741,9.717552185,2.410768747,0
0.205782741,9.717552185,2.410768747,0
0.126819596,9.717552185,2.43708992,0
0.270388961,9.652945518,2.322234392,0
0.270388961,9.652945518,2.322234392,0
0.148355007,9.533304214,2.533101797,0
0.304187566,9.411270142,2.343769789,0
0.560219586,9.705587387,2.801098108,0
0.840179861,9.119047165,2.722134829,0
0.840179861,9.119047165,2.722134829,0
0.667896628,9.791728973,2.726920605,0
0.646361232,9.296415329,2.360519648,0
0.646361232,9.296415329,2.360519648,0
0.435792834,9.794121742,2.075773716,0
-0.210568398,9.566803932,2.836990356,0
-0.718145907,8.33150959,3.677469254,1
-0.718145907,8.33150959,3.677469254,1
-0.428614348,10.11505985,3.524029493,1
-0.428614348,10.11505985,3.524029493,1
-0.277567416,8.235795975,3.96939373,1
0.165104762,8.233403206,3.854538202,1
0.064606212,8.860622406,5.245366573,1
-0.059820566,9.107083321,5.288437366,1
-0.059820566,9.107083321,5.288437366,1
-1.019940615,8.697610855,5.652445316,1
5.420341492,14.52742481,-0.253639191,1
5.420341492,14.52742481,-0.253639191,1
2.530709028,13.99113274,0.373579443,1
2.614457846,9.346664429,0.236889437,1
1.295115232,7.601399422,0.229710966,1
1.295115232,7.601399422,0.229710966,1
0.888335407,9.162117958,-0.148355007,1
1.024726272,9.511769295,0.224925324,0
1.07497561,8.130212784,2.087737799,0
1.07497561,8.130212784,2.087737799,0
0.710967422,10.31366348,2.11645174,0
0.31375888,8.341080666,2.547458887,0
0.227318153,9.921240807,3.169891834,0
0.227318153,9.921240807,3.169891834,0
0.081355967,8.994620323,3.141177893,0
0.074177504,9.873384476,2.920739174,0
0.057427742,9.37298584,2.779562712,0
-0.069391854,9.511769295,3.277568817,0
-0.069391854,9.511769295,3.277568817,0
-0.055034921,9.588339806,2.731706142,0
-0.043070808,9.361021042,2.798705101,0
0.047856454,9.545269012,2.743670225,0
0.047856454,9.545269012,2.743670225,0
-0.014356935,9.595518112,2.647957325,0
-0.088534437,9.583553314,3.119642496,0
-0.088534437,9.583553314,3.119642496,0
-0.098105729,9.368199348,2.710170746,0
-0.040677983,9.396913528,2.702992201,0
0.038285162,8.937192917,2.851347208,0
-0.069391854,9.978668213,3.102892876,0
-0.069391854,9.978668213,3.102892876,0
-0.287437826,8.623434067,2.949453115,1
-0.643968403,9.425627708,3.687040567,1
-0.153140649,8.755337715,3.411566973,1
-0.153140649,8.755337715,3.411566973,1
-0.421435893,8.099106789,3.253640652,1
-0.88354975,8.621041298,4.465006828,1
-0.292223454,8.731410027,4.766502857,1
-0.292223454,8.731410027,4.766502857,1
-1.462911963,8.712266922,6.384948254,1
1.342971683,16.45454407,4.216153622,1
0.318544507,9.164510727,0.787537754,1
0.318544507,9.164510727,0.787537754,1
3.256033421,10.73031425,-0.517148793,1
0.991226792,8.365009308,0.660718143,1
0.991226792,8.365009308,0.660718143,1
0.785144925,8.298009872,1.570588946,1
1.17068851,9.198010445,1.838585138,0
1.17068851,9.198010445,1.838585138,0
1.824228168,9.138189316,2.492124796,0
1.230509043,8.949156761,3.114856958,0
1.230509043,8.949156761,3.114856958,0
-0.112462662,9.459127426,2.947060108,0
0.387936383,9.389735222,3.655933857,0
-0.10767702,9.535696983,3.3852458,0
-0.076570325,8.944371223,3.064308405,0
-0.021535404,9.416056633,3.715754509,0
-0.021535404,9.416056633,3.715754509,0
-0.071784683,9.638588905,3.277568817,0
0.25603202,9.320343018,3.234498024,0
-0.007178468,9.356235504,3.366103172,0
-0.033499517,9.856635094,3.030808926,0
-0.033499517,9.856635094,3.030808926,0
0.0526421,9.729516029,2.705385208,0
0.102891371,9.416056633,3.085843801,0
0.102891371,9.416056633,3.085843801,0
-0.124426775,9.056833267,3.040380239,0
-0.287437826,9.437591553,2.848954439,0
-0.536291361,9.375378609,3.110071182,0
-0.536291361,9.375378609,3.110071182,0
-1.261615753,9.054440498,2.758027315,1
-1.261615753,9.054440498,2.758027315,1
-1.261615753,9.054440498,2.758027315,1
-1.261615753,9.054440498,2.758027315,1
-1.261615753,9.054440498,2.758027315,1
-0.905085146,9.1860466,3.32063961,1
-1.513161182,8.736195564,2.870489836,1
-1.278365493,8.417651176,3.349353552,1
-1.553839207,9.008976936,4.42672205,1
-1.185045362,8.877371788,5.587839127,1
-1.185045362,8.877371788,5.587839127,1
-1.118046403,14.14666653,4.666004181,1
-0.519541621,9.190832138,2.664707184,1
1.522732496,11.59232807,-0.469292343,1
1.522732496,11.59232807,-0.469292343,1
1.417448282,9.676874161,-0.60089761,1
0.909870803,9.746265411,0.481256455,1
0.909870803,9.746265411,0.481256455,1
0.909870803,9.746265411,0.481256455,0
1.338186026,8.501399994,0.469292343,0
0.840179861,11.50110245,2.841775894,0
0.840179861,11.50110245,2.841775894,0
-0.768395185,8.388936996,2.765205622,0
-0.459721059,10.11027431,2.755634308,0
-0.189032987,9.590732574,3.021237612,0
-0.189032987,9.590732574,3.021237612,0
-0.131605253,9.447162628,2.758027315,0
-0.043070808,9.25783062,2.932703257,0
-0.258424848,9.444769859,3.037987471,0
-0.258424848,9.444769859,3.037987471,0
-0.189032987,9.602696419,2.930310488,0
-0.469292343,9.554840088,3.3852458,0
-0.29700911,9.243474007,2.908775091,0
-0.21535404,9.638588905,3.136392355,0
-0.21535404,9.638588905,3.136392355,0
0.007178468,9.320343018,3.12921381,0
-0.090927258,9.516554832,2.877668381,0
-0.212961212,9.509376526,2.667099953,0
-0.196211457,9.736694336,2.540280342,0
-0.196211457,9.736694336,2.540280342,0
-0.069391854,9.674481392,2.420340061,0
-0.105284199,9.607481956,2.46819663,0
0.040677983,9.686445236,2.533101797,0
0.040677983,9.686445236,2.533101797,0
-0.014356935,9.459127426,2.585743904,0
-0.126819596,9.47109127,2.679064035,0
-0.126819596,9.47109127,2.679064035,0
-0.086141616,9.614660263,2.643171787,0
-0.126819596,9.633803368,2.691028118,0
-0.16031912,9.39452076,2.97577405,0
-0.16031912,9.39452076,2.97577405,0
-0.347258389,9.47109127,2.506481647,0
-0.275174618,9.760622978,2.499303341,0
-0.239282265,9.707980156,2.564208508,0
-0.239282265,9.707980156,2.564208508,0
-0.131605253,9.511769295,2.489732027,0
-0.10767702,9.619445801,2.588136673,0
0.105284199,9.47109127,2.525923491,0
0.064606212,9.425627708,2.554637194,0
0.064606212,9.425627708,2.554637194,0
0.10767702,9.502198219,2.681456804,0
0.045463629,9.42323494,2.691028118,0
0.045463629,9.42323494,2.691028118,0
0.007178468,9.487840652,2.683849812,0
0.093320087,9.770194054,2.947060108,0
0.004785645,9.617053032,2.633600473,0
0.004785645,9.617053032,2.633600473,0
0.057427742,9.562018394,2.508874655,0
-0.138783708,9.856635094,2.659921408,0
0.088534437,9.660123825,2.600100994,0
0.088534437,9.660123825,2.600100994,0
-0.095712908,9.578767776,2.334198475,0
0.165104762,9.65055275,2.456232548,0
0.165104762,9.65055275,2.456232548,0
0.165104762,9.65055275,2.456232548,0
0.019142581,9.463912964,2.607279301,0
0.050249275,9.356235504,2.588136673,0
-0.105284199,9.514162064,2.638386011,0
-0.105284199,9.514162064,2.638386011,0
-0.229710966,9.67926693,2.84656167,0
-0.304187566,9.578767776,2.614457846,0
-0.304187566,9.578767776,2.614457846,0
-0.181854516,9.619445801,2.554637194,0
-0.210568398,9.562018394,2.542673111,0
-0.10049855,9.583553314,2.384447813,0
-0.10049855,9.583553314,2.384447813,0
-0.078963146,9.897313118,2.293520451,0
0.220139682,9.332307816,2.652743101,0
0.220139682,9.332307816,2.652743101,0
0.093320087,9.495018959,2.061416626,0
-0.869192839,9.308379173,2.566601276,0
-0.634397089,9.504590988,3.145963669,1
-0.328115791,9.487840652,3.267997503,1
-0.328115791,9.487840652,3.267997503,1
-0.548255503,8.92283535,2.927917719,1
-0.974476993,9.183652878,3.36849618,1
-0.974476993,9.183652878,3.36849618,1
-0.940977514,8.748159409,3.602992773,1
-1.264008522,8.384151459,4.266402721,1
-1.417448282,8.487042427,4.79073,1
-1.417448282,8.487042427,4.79073,1
-1.517946839,8.209475517,5.915955067,1
-1.872084618,7.400103092,6.619743824,1
-1.872084618,7.400103092,6.619743824,1
-1.352542996,8.35304451,3.459423304,1
-2.063809633,12.92094326,5.154438972,1
-2.063809633,12.92094326,5.154438972,1
1.946262121,13.86431313,-0.502791882,1
0.749252617,10.61545849,-0.507577479,1
0.749252617,10.61545849,-0.507577479,1
0.155533478,8.242975235,-0.198604286,1
0.066999033,9.844670296,-0.742074132,1
0.603290439,8.815158844,0.699003339,0
1.151545882,8.290831566,2.080559254,0
0.620040178,10.33041382,3.157927752,0
0.421435893,9.820742607,3.375674486,0
-0.205782741,8.470293045,2.982952595,0
-0.205782741,8.470293045,2.982952595,0
-0.205782741,8.470293045,2.982952595,0
-0.205782741,8.470293045,2.982952595,0
-0.014356935,9.303593636,3.035594702,0
0.141176537,9.516554832,3.222533941,0
0.186640173,9.131011009,3.049951553,0
0.088534437,9.329915047,3.124428272,0
0.088534437,9.329915047,3.124428272,0
0.153140649,9.396913528,3.162713289,0
-0.155533478,9.576375008,3.069094181,0
-0.169890404,9.411270142,2.973381281,0
-0.169890404,9.411270142,2.973381281,0
0.155533478,9.485447884,3.145963669,0
0.21535404,9.159725189,3.157927752,0
-0.402293295,9.243474007,3.49531579,0
-0.402293295,9.243474007,3.49531579,0
-0.703788936,9.040083885,3.696611881,0
-0.148355007,9.609874725,3.533600807,1
-0.10767702,8.420043945,3.983750582,1
-0.335294276,9.212367058,3.782753468,1
-0.486042112,9.638588905,4.563112736,1
-0.486042112,9.638588905,4.563112736,1
-0.895513892,8.467900276,5.240580559,1
-0.895513892,8.467900276,5.240580559,1
-1.022333503,7.709076405,5.829514027,1
-1.115653515,7.129714012,6.246164322,1
-0.438185632,6.423233509,4.939085007,1
3.935894251,13.98156166,0.493220568,1
3.935894251,13.98156166,0.493220568,1
1.778764486,13.17936802,-0.91465646,1
0.517148793,8.697610855,-0.976869822,1
0.517148793,8.697610855,-0.976869822,1
0.948155999,8.726624489,-0.143569365,1
0.162711933,9.459127426,0.751645386,0
1.271187067,9.317950249,0.758823872,0
1.271187067,9.317950249,0.758823872,0
1.17068851,8.594719887,1.668694735,0
0.689432025,10.26580715,2.484946251,0
0.689432025,10.26580715,2.484946251,0
0.10767702,9.327521324,3.327818155,0
-0.071784683,9.195617676,2.738884687,0
-0.289830655,9.459127426,2.741277456,0
-0.289830655,9.459127426,2.741277456,0
-0.210568398,9.605089188,2.987738132,0
-0.062213387,9.358628273,2.834597588,0
-0.251246363,9.75583744,3.117249727,0
-0.251246363,9.75583744,3.117249727,0
-0.016749758,9.135796547,2.987738132,0
-0.299401939,9.619445801,2.796312332,0
-0.299401939,9.619445801,2.796312332,0
0.035892341,9.437591553,2.903989315,0
-0.057427742,9.329915047,3.014059305,0
-0.055034921,9.097511292,3.332603693,0
-0.507577479,8.633005142,2.901596546,0
-0.507577479,8.633005142,2.901596546,1
-0.782752097,9.94277668,3.198605776,1
-0.782752097,9.94277668,3.198605776,1
-0.404686123,8.867800713,3.057130098,1
-0.955334425,8.503792763,3.595814228,1
-1.120439172,9.071190834,3.370888948,1
-1.120439172,9.071190834,3.370888948,1
-1.034297585,8.365009308,4.165605068,1
-0.881156921,9.109476089,5.650052547,1
-0.881156921,9.109476089,5.650052547,1
-2.042274237,10.4718895,5.951847076,1
5.87258482,13.8236351,-2.226521492,1
0.816251636,13.96720505,-0.033499517,1
0.816251636,13.96720505,-0.033499517,1
2.202593327,8.101499557,-0.229710966,1
1.673480392,8.355437279,-0.373579443,1
0.780359268,8.760123253,0.323330164,1
0.780359268,8.760123253,0.323330164,0
1.31425786,9.224330902,1.340578914,0
1.450947881,9.202795982,1.886441588,0
0.943370342,11.05364418,3.174677372,0
0.943370342,11.05364418,3.174677372,0
-0.33050862,8.262117386,2.781955481,0
-0.33050862,8.262117386,2.781955481,0
0.071784683,10.03131104,1.93190515,0
-0.344865561,10.08873844,2.207378864,0
-0.172283232,9.870991707,2.631207705,0
-0.347258389,9.133403778,2.475374937,0
-0.347258389,9.133403778,2.475374937,0
-0.37836507,10.00738239,2.939881802,0
-0.438185632,8.836693764,2.549851656,0
0.028713871,10.51256752,2.714956284,0
-0.375972271,8.961120605,2.920739174,0
-0.375972271,8.961120605,2.920739174,0
-0.55304116,9.65055275,2.564208508,0
-0.794716239,9.514162064,2.793919563,0
-0.454935402,9.119047165,2.810669184,0
-0.454935402,9.119047165,2.810669184,1
-0.438185632,10.26580715,2.827419043,1
-1.1395818,8.975478172,3.042773008,1
-1.616052628,8.740981102,2.944667339,1
-1.616052628,8.740981102,2.944667339,1
-2.142772675,8.702695847,3.552743435,1
-1.785943031,7.802396297,4.182354927,1
-2.106880426,8.333902359,5.06111908,1
-3.737289906,9.447162628,6.413661957,1
-3.737289906,9.447162628,6.413661957,1
-3.737289906,9.447162628,6.413661957,1
0.921834946,18.09930992,5.587839127,1
-0.529112935,9.969097137,0.813858807,1
0.854835868,10.50299549,-0.126819596,1
0.689432025,8.757730484,-0.141176537,1
0.279960245,9.339486122,-0.902692318,1
0.279960245,9.339486122,-0.902692318,1
-0.938584685,9.449555397,0.169890404,1
0.538684189,8.544470787,1.766800404,0
0.538684189,8.544470787,1.766800404,0
-0.507577479,9.337093353,2.145165443,0
0.16749759,8.712266922,1.912762642,0
-0.514755964,9.605089188,2.616850615,0
-0.117248312,10.0265255,2.635993242,0
-0.117248312,10.0265255,2.635993242,0
-0.421435893,9.588339806,2.820240498,0
-0.352044046,9.624231339,2.978166819,0
-0.632004261,9.473484039,2.348555326,0
-0.632004261,9.473484039,2.348555326,0
-0.792323411,9.662516594,2.293520451,0
-0.82582289,9.619445801,2.260020971,0
-0.82582289,9.619445801,2.260020971,0
-0.718145907,9.681659698,2.315055847,0
-0.450149775,9.684052467,2.482553482,0
-0.450149775,9.684052467,2.482553482,0
